{
  "output_path": "models/sklearn_v4_tuned1.joblib",
  "report_path": "models/sklearn_v4_tuned1_report.json",
  "training_round_ids": [
    "2a341ace-0f57-4309-9b89-e59fe0f09179",
    "324fde07-1670-4202-b199-7aa92ecb40ee",
    "36e581f1-73f8-453f-ab98-cbe3052b701b",
    "75e625c3-60cb-4392-af3e-c86a98bde8c2",
    "7b4bda99-6165-4221-97cc-27880f5e6d95",
    "ae78003a-4efe-425a-881a-d16a39bca0ad",
    "c5cdf100-a876-4fb7-b5d8-757162c97989",
    "cc5442dd-bc5d-418b-911b-7eb960cb0390",
    "d0a2c894-2162-4d49-86cf-435b9013f3b8"
  ],
  "training_examples": 101250,
  "feature_version": 4,
  "best_params": {
    "n_estimators": 249,
    "learning_rate": 0.0692980337989333,
    "num_leaves": 82,
    "min_child_samples": 85,
    "subsample": 1.0,
    "colsample_bytree": 1.0,
    "reg_alpha": 0.0,
    "reg_lambda": 0.0007901555084007125,
    "model_blend": 0.8161305071448159,
    "prior_strength": 2.278356278669305,
    "temperature": 1.2240344919419281
  },
  "backend": "sklearn-hgbt",
  "mixer_optuna_trials": 12,
  "cv_prequential_logloss": 0.559430506272988,
  "base_model_cv_prequential_logloss": 0.664202480876602,
  "posterior_mode": "ensemble",
  "ensemble_params": {
    "bucket_empirical_weights": [
      0.0,
      0.2507309635454975,
      0.6900881035344274,
      0.8332934081765424
    ],
    "empirical_confidence_bonus": 0.0680739347400058,
    "disagreement_penalty": 0.27544123872089415,
    "agreement_bonus": 0.11658571458333242,
    "min_model_weight": 0.24663506213327574
  },
  "gate_params": null,
  "bucket_temperatures": null,
  "posterior_mixer": {
    "baseline_cv_prequential_logloss": 0.5623980600052181,
    "ensemble_trials": 12,
    "ensemble_best_value": 0.559430506272988,
    "ensemble_best_params": {
      "bucket_empirical_weights": [
        0.0,
        0.2507309635454975,
        0.6900881035344274,
        0.8332934081765424
      ],
      "empirical_confidence_bonus": 0.0680739347400058,
      "disagreement_penalty": 0.27544123872089415,
      "agreement_bonus": 0.11658571458333242,
      "min_model_weight": 0.24663506213327574
    }
  }
}